INSERT INTO materia (clave, nombre, creditos) VALUES (1, 'BASE DE DATOS', '10');
INSERT INTO materia (clave, nombre, creditos) VALUES (2, 'INTELIGENCIA ARTIFICIAL', '10');
INSERT INTO materia (clave, nombre, creditos) VALUES (3, 'ANALISIS Y DISEÑO DE ALGORITMOS', '10');
INSERT INTO materia (clave, nombre, creditos) VALUES (4, 'BIG DATA', '10');
INSERT INTO materia (clave, nombre, creditos) VALUES (5, 'COMPUTACION GRAFICA', '10');

INSERT INTO profesor (id, nombre) VALUES (1, 'ROGELIO DAVILA PEREZ');
INSERT INTO profesor (id, nombre) VALUES (2, 'FULANITO DE TAL');
INSERT INTO profesor (id, nombre) VALUES (3, 'KARINA AGUILAR');
INSERT INTO profesor (id, nombre) VALUES (4, 'ULISES');

INSERT INTO grupo (materia_clave, seccion, profesor_id, horario, salon) VALUES (1, 1, 4, 'Miercoles de 6 a 9 pm', 'ING 207');
INSERT INTO grupo (materia_clave, seccion, profesor_id, horario, salon) VALUES (2, 4, 1, 'Miercoles de 6 a 9 pm', 'ING 307');
INSERT INTO grupo (materia_clave, seccion, profesor_id, horario, salon) VALUES (3, 8, 4, 'Sabado de 6 a 9 pm', 'ING 307');
INSERT INTO grupo (materia_clave, seccion, profesor_id, horario, salon) VALUES (4, 9, 2, 'Jueves de 6 a 9 pm', 'ING 206');
INSERT INTO grupo (materia_clave, seccion, profesor_id, horario, salon) VALUES (5, 1, 1, 'Lunes de 6 a 9 pm', 'ING 207');

INSERT INTO alumno (id, nombre) VALUES (1, 'BECERRA NAVARRO OMAR SALVADOR');
INSERT INTO alumno (id, nombre) VALUES (2, 'CABRERA SAAVEDRA GABRIELA ELIZABETH');
INSERT INTO alumno (id, nombre) VALUES (3, 'CERVANTES ORTEGA JEIMMY GUADALUPE');
INSERT INTO alumno (id, nombre) VALUES (4, 'CONTRERAS MELENDEZ ANGELICA ARACELI GPE.');
INSERT INTO alumno (id, nombre) VALUES (5, 'GARZA ESTEBAN VICTORIA MONSERRAT');
INSERT INTO alumno (id, nombre) VALUES (6, 'GUZMAN GARCIA ESMERALDA BEATRIZ');
INSERT INTO alumno (id, nombre) VALUES (7, 'GUZMAN GARCIA FATIMA MONSERRAT');
INSERT INTO alumno (id, nombre) VALUES (8, 'HERNANDEZ SEPULVEDA FATIMA JACQUELINE');
INSERT INTO alumno (id, nombre) VALUES (9, 'HERRERA RAMOS ELIAB ABISAI');
INSERT INTO alumno (id, nombre) VALUES (10, 'MARTIN MIRAMONTES KEVIN FRANCISCO');
INSERT INTO alumno (id, nombre) VALUES (11, 'MARTINEZ SAAVEDRA MIGUEL ANGEL');
INSERT INTO alumno (id, nombre) VALUES (12, 'MARTINEZ VAZQUEZ MARIA FERNANDA');
INSERT INTO alumno (id, nombre) VALUES (13, 'MEJIA GALINDO MELANIE NAHOMI');
INSERT INTO alumno (id, nombre) VALUES (14, 'MENDOZA JAUREGUI NAOMI ANGELLI');
INSERT INTO alumno (id, nombre) VALUES (15, 'MEZA BARAJAS ATHZIRI NOEMI');
INSERT INTO alumno (id, nombre) VALUES (16, 'MEZA BARAJAS MARIA JOSELINE');
INSERT INTO alumno (id, nombre) VALUES (17, 'MORENO RUIZ AMERICA JOSELINE');
INSERT INTO alumno (id, nombre) VALUES (18, 'ORTIZ AHUMADA MARIO YAEL');
INSERT INTO alumno (id, nombre) VALUES (19, 'PEREZ FLORES JENNIFER ALEJANDRA');
INSERT INTO alumno (id, nombre) VALUES (20, 'RAMIREZ ONTIVEROS ANGEL GUSTAVO');
INSERT INTO alumno (id, nombre) VALUES (21, 'RIVERA ESPINOZA VANIA ALEXA');
INSERT INTO alumno (id, nombre) VALUES (22, 'SANCHEZ FRANCO PALOMA ISABEL');
INSERT INTO alumno (id, nombre) VALUES (23, 'SERRANO SALCEDO MARITZA DENISSE');
INSERT INTO alumno (id, nombre) VALUES (24, 'SOLIS MENDOZA ANDREA RENATA');
INSERT INTO alumno (id, nombre) VALUES (25, 'VALADEZ MARTINEZ SAMANTHA LIZBETH');
INSERT INTO alumno (id, nombre) VALUES (26, 'VELAZQUEZ RIZO ROGELIO GIOVANNI');
INSERT INTO alumno (id, nombre) VALUES (27, 'VELEZ RAMIREZ KEVIN DANIEL');
INSERT INTO alumno (id, nombre) VALUES (28, 'ZAMBRANO ORTIZ CARLOS SANTIAGO');
INSERT INTO alumno (id, nombre) VALUES (29, 'BELTRAN GALLEGOS HUMBERTO');

INSERT INTO alumno_grupo (materia_clave, grupo_seccion, alumno_id, asistencias) VALUES (1, 1, 1, 9);
INSERT INTO alumno_grupo (materia_clave, grupo_seccion, alumno_id, asistencias) VALUES (1, 1, 9, 12);
INSERT INTO alumno_grupo (materia_clave, grupo_seccion, alumno_id, asistencias) VALUES (1, 1, 10, 0);
INSERT INTO alumno_grupo (materia_clave, grupo_seccion, alumno_id, asistencias) VALUES (1, 1, 28, 0);
INSERT INTO alumno_grupo (materia_clave, grupo_seccion, alumno_id, asistencias) VALUES (1, 1, 17, 4);
INSERT INTO alumno_grupo (materia_clave, grupo_seccion, alumno_id, asistencias) VALUES (1, 1, 26, 3);
INSERT INTO alumno_grupo (materia_clave, grupo_seccion, alumno_id, asistencias) VALUES (1, 1, 13, 8);
INSERT INTO alumno_grupo (materia_clave, grupo_seccion, alumno_id, asistencias) VALUES (1, 1, 14, 4);
INSERT INTO alumno_grupo (materia_clave, grupo_seccion, alumno_id, asistencias) VALUES (1, 1, 18, 4);
INSERT INTO alumno_grupo (materia_clave, grupo_seccion, alumno_id, asistencias) VALUES (1, 1, 3, 6);
INSERT INTO alumno_grupo (materia_clave, grupo_seccion, alumno_id, asistencias) VALUES (2, 4, 21, 14);
INSERT INTO alumno_grupo (materia_clave, grupo_seccion, alumno_id, asistencias) VALUES (2, 4, 27, 6);
INSERT INTO alumno_grupo (materia_clave, grupo_seccion, alumno_id, asistencias) VALUES (2, 4, 23, 2);
INSERT INTO alumno_grupo (materia_clave, grupo_seccion, alumno_id, asistencias) VALUES (2, 4, 18, 0);
INSERT INTO alumno_grupo (materia_clave, grupo_seccion, alumno_id, asistencias) VALUES (2, 4, 4, 14);
INSERT INTO alumno_grupo (materia_clave, grupo_seccion, alumno_id, asistencias) VALUES (2, 4, 14, 10);
INSERT INTO alumno_grupo (materia_clave, grupo_seccion, alumno_id, asistencias) VALUES (2, 4, 17, 5);
INSERT INTO alumno_grupo (materia_clave, grupo_seccion, alumno_id, asistencias) VALUES (2, 4, 28, 10);
INSERT INTO alumno_grupo (materia_clave, grupo_seccion, alumno_id, asistencias) VALUES (2, 4, 25, 2);
INSERT INTO alumno_grupo (materia_clave, grupo_seccion, alumno_id, asistencias) VALUES (2, 4, 8, 0);
INSERT INTO alumno_grupo (materia_clave, grupo_seccion, alumno_id, asistencias) VALUES (3, 8, 1, 10);
INSERT INTO alumno_grupo (materia_clave, grupo_seccion, alumno_id, asistencias) VALUES (3, 8, 7, 1);
INSERT INTO alumno_grupo (materia_clave, grupo_seccion, alumno_id, asistencias) VALUES (3, 8, 12, 3);
INSERT INTO alumno_grupo (materia_clave, grupo_seccion, alumno_id, asistencias) VALUES (3, 8, 17, 10);
INSERT INTO alumno_grupo (materia_clave, grupo_seccion, alumno_id, asistencias) VALUES (3, 8, 13, 14);
INSERT INTO alumno_grupo (materia_clave, grupo_seccion, alumno_id, asistencias) VALUES (3, 8, 4, 5);
INSERT INTO alumno_grupo (materia_clave, grupo_seccion, alumno_id, asistencias) VALUES (3, 8, 20, 11);
INSERT INTO alumno_grupo (materia_clave, grupo_seccion, alumno_id, asistencias) VALUES (3, 8, 25, 12);
INSERT INTO alumno_grupo (materia_clave, grupo_seccion, alumno_id, asistencias) VALUES (3, 8, 19, 13);
INSERT INTO alumno_grupo (materia_clave, grupo_seccion, alumno_id, asistencias) VALUES (3, 8, 26, 8);
INSERT INTO alumno_grupo (materia_clave, grupo_seccion, alumno_id, asistencias) VALUES (4, 9, 12, 11);
INSERT INTO alumno_grupo (materia_clave, grupo_seccion, alumno_id, asistencias) VALUES (4, 9, 16, 6);
INSERT INTO alumno_grupo (materia_clave, grupo_seccion, alumno_id, asistencias) VALUES (4, 9, 10, 2);
INSERT INTO alumno_grupo (materia_clave, grupo_seccion, alumno_id, asistencias) VALUES (4, 9, 6, 13);
INSERT INTO alumno_grupo (materia_clave, grupo_seccion, alumno_id, asistencias) VALUES (4, 9, 25, 8);
INSERT INTO alumno_grupo (materia_clave, grupo_seccion, alumno_id, asistencias) VALUES (4, 9, 5, 12);
INSERT INTO alumno_grupo (materia_clave, grupo_seccion, alumno_id, asistencias) VALUES (4, 9, 19, 14);
INSERT INTO alumno_grupo (materia_clave, grupo_seccion, alumno_id, asistencias) VALUES (4, 9, 24, 6);
INSERT INTO alumno_grupo (materia_clave, grupo_seccion, alumno_id, asistencias) VALUES (4, 9, 18, 3);
INSERT INTO alumno_grupo (materia_clave, grupo_seccion, alumno_id, asistencias) VALUES (4, 9, 8, 14);
INSERT INTO alumno_grupo (materia_clave, grupo_seccion, alumno_id, asistencias) VALUES (5, 1, 8, 4);
INSERT INTO alumno_grupo (materia_clave, grupo_seccion, alumno_id, asistencias) VALUES (5, 1, 6, 4);
INSERT INTO alumno_grupo (materia_clave, grupo_seccion, alumno_id, asistencias) VALUES (5, 1, 21, 3);
INSERT INTO alumno_grupo (materia_clave, grupo_seccion, alumno_id, asistencias) VALUES (5, 1, 22, 14);
INSERT INTO alumno_grupo (materia_clave, grupo_seccion, alumno_id, asistencias) VALUES (5, 1, 28, 10);
INSERT INTO alumno_grupo (materia_clave, grupo_seccion, alumno_id, asistencias) VALUES (5, 1, 5, 1);
INSERT INTO alumno_grupo (materia_clave, grupo_seccion, alumno_id, asistencias) VALUES (5, 1, 29, 2);
INSERT INTO alumno_grupo (materia_clave, grupo_seccion, alumno_id, asistencias) VALUES (5, 1, 26, 6);
INSERT INTO alumno_grupo (materia_clave, grupo_seccion, alumno_id, asistencias) VALUES (5, 1, 2, 1);
INSERT INTO alumno_grupo (materia_clave, grupo_seccion, alumno_id, asistencias) VALUES (5, 1, 13, 14);

